Modelo,Acc,MacroF1,WeightedF1,n_test
BETO-light (fine-tuning),0.9428571428571428,0.9437571024936363,0.9427235251315955,245
